pair,dir,pnl,result,exit_type,confluence
EURGBP,BUY,-100.0,LOSS,SL,75.0
EURGBP,BUY,148.49999999999997,WIN,TP,65.0
EURGBP,BUY,150.7275,WIN,TP,100.0
EURJPY,SELL,-100.0,LOSS,SL,85.0
EURJPY,SELL,148.50000000000256,WIN,TP,85.0
EURJPY,BUY,150.72750000000437,WIN,TP,85.0
EURJPY,SELL,-101.99227500000008,LOSS,SL,85.0
EURJPY,SELL,-100.97235225000006,LOSS,SL,75.0
EURJPY,SELL,-99.96262872750005,LOSS,SL,55.0
EURJPY,SELL,-98.96300244022505,LOSS,SL,100.0
EURJPY,BUY,146.9600586237342,WIN,TP,75.0
EURJPY,SELL,219.87303551536496,WIN,SL,70.0
EURJPY,BUY,152.46255503582069,WIN,TP,85.0
EURJPY,BUY,154.74949336135802,WIN,TP,90.0
EURJPY,SELL,-104.71382384118559,LOSS,SL,85.0
EURJPY,BUY,155.50002840415794,WIN,TP,85.0
EURJPY,BUY,-105.22168588681531,LOSS,SL,85.0
EURJPY,SELL,6.81559242401874,WIN,SL,85.0
EURJPY,SELL,3.4609756442772777,WIN,SL,85.0
EURJPY,BUY,156.40835206294514,WIN,TP,85.0
EURJPY,BUY,158.7544773438893,WIN,TP,65.0
EURJPY,BUY,-107.42386300269843,LOSS,SL,85.0
EURJPY,BUY,-106.34962437267146,LOSS,SL,50.0
EURJPY,SELL,-105.28612812894475,LOSS,SL,85.0
EURJPY,SELL,156.34990027148532,WIN,TP,85.0
EURJPY,SELL,-105.79676585037016,LOSS,SL,75.0
EURJPY,SELL,-104.73879819186647,LOSS,SL,85.0
EURJPY,BUY,2.3760901569719275,WIN,SL,85.0
EURJPY,SELL,3.160339429418148,WIN,SL,95.0
EURJPY,SELL,-103.74677450581169,LOSS,SL,75.0
EURJPY,SELL,-102.70930676075358,LOSS,SL,75.0
EURJPY,BUY,-101.68221369314602,LOSS,SL,80.0
EURJPY,SELL,150.998087334319,WIN,TP,75.0
EURJPY,SELL,153.26305864433667,WIN,TP,85.0
EURJPY,BUY,-103.70800301600116,LOSS,SL,75.0
EURJPY,SELL,-102.67092298584112,LOSS,SL,65.0
EURJPY,SELL,-101.64421375598273,LOSS,SL,60.0
EURJPY,BUY,-100.62777161842291,LOSS,SL,85.0
EURJPY,SELL,149.432240853358,WIN,TP,80.0
EURJPY,SELL,151.67372446615838,WIN,TP,65.0
EURJPY,BUY,153.9488303331537,WIN,TP,85.0
EURJPY,BUY,156.25806278814804,WIN,TP,55.0
EURJPY,BUY,158.60193372997028,WIN,TP,75.0
EURJPY,BUY,-107.32064182394656,LOSS,SL,75.0
EURJPY,SELL,159.37115310856333,WIN,TP,85.0
EURJPY,BUY,101.1216581908252,WIN,SL,85.0
EURJPY,SELL,110.40628048803686,WIN,SL,85.0
EURJPY,BUY,-109.95642632358135,LOSS,SL,85.0
EURJPY,BUY,-108.85686206034553,LOSS,SL,85.0
EURJPY,SELL,161.65244015961312,WIN,TP,70.0
EURJPY,SELL,-109.3848178413382,LOSS,SL,85.0
EURJPY,BUY,-108.29096966292481,LOSS,SL,55.0
EURJPY,SELL,138.6449569102796,WIN,SL,80.0
EURJPY,BUY,-108.59450953539836,LOSS,SL,85.0
EURJPY,SELL,-107.50856444004438,LOSS,SL,85.0
EURJPY,SELL,159.65021819346893,WIN,TP,85.0
EURJPY,BUY,-108.02998097757862,LOSS,SL,75.0
EURJPY,SELL,160.42452175170425,WIN,TP,55.0
EURJPY,SELL,-108.55392638531987,LOSS,SL,65.0
EURJPY,SELL,-107.46838712146666,LOSS,SL,85.0
EURJPY,SELL,-106.39370325025199,LOSS,SL,85.0
EURJPY,BUY,157.99464932662033,WIN,TP,85.0
EURJPY,BUY,-106.90971271101566,LOSS,SL,85.0
EURJPY,SELL,-105.84061558390549,LOSS,SL,75.0
EURJPY,SELL,-104.78220942806644,LOSS,SL,75.0
EURJPY,BUY,95.73637140850924,WIN,SL,90.0
EURJPY,SELL,-104.69175104787087,LOSS,SL,85.0
EURJPY,BUY,4.835523012634405,WIN,SL,65.0
EURJPY,BUY,155.5397831512802,WIN,TP,85.0
EURJPY,SELL,-105.2485865990313,LOSS,SL,85.0
EURJPY,SELL,156.29415109956446,WIN,TP,45.0
EURJPY,BUY,-105.75904224403664,LOSS,SL,65.0
EURJPY,SELL,4.949201486459189,WIN,SL,50.0
EURJPY,SELL,5.7936062556245735,WIN,SL,60.0
EURJPY,BUY,-104.80887989901709,LOSS,SL,85.0
EURJPY,SELL,3.9160179130334973,WIN,SL,75.0
EURJPY,SELL,-103.79995127915726,LOSS,SL,60.0
EURJPY,BUY,-102.76195176636567,LOSS,SL,75.0
EURJPY,SELL,-101.73433224870202,LOSS,SL,65.0
EURJPY,BUY,-100.71698892621498,LOSS,SL,65.0
EURJPY,SELL,-99.70981903695285,LOSS,SL,65.0
EURJPY,BUY,-98.71272084658334,LOSS,SL,85.0
EURJPY,SELL,3.445149112731072,WIN,SL,75.0
EURJPY,BUY,-97.76004512924482,LOSS,SL,85.0
EURJPY,BUY,-96.78244467795236,LOSS,SL,75.0
EURJPY,BUY,143.72193034675928,WIN,TP,85.0
EURJPY,SELL,-97.25183953464042,LOSS,SL,85.0
EURJPY,BUY,-96.27932113929403,LOSS,SL,70.0
EURJPY,SELL,-95.31652792790108,LOSS,SL,85.0
EURJPY,BUY,3.4572213726900873,WIN,SL,85.0
EURJPY,BUY,-94.39793486234896,LOSS,SL,85.0
EURJPY,SELL,-93.45395551372548,LOSS,SL,70.0
EURJPY,BUY,-92.51941595858821,LOSS,SL,85.0
EURJPY,BUY,137.3913326985035,WIN,TP,85.0
EURJPY,SELL,-92.96813512598737,LOSS,SL,85.0
EURJPY,BUY,-92.0384537747275,LOSS,SL,85.0
EURJPY,BUY,-91.11806923698023,LOSS,SL,85.0
EURJPY,SELL,135.31033281691705,WIN,TP,60.0
EURJPY,BUY,-91.55999187277959,LOSS,SL,70.0
EURJPY,SELL,135.96658793107767,WIN,TP,75.0
EURJPY,BUY,-92.00405783336257,LOSS,SL,55.0
EURJPY,SELL,-91.08401725502894,LOSS,SL,70.0
EURJPY,SELL,-90.17317708247866,LOSS,SL,80.0
EURJPY,BUY,133.90716796747847,WIN,TP,80.0
EURJPY,SELL,-90.61051699132864,LOSS,SL,85.0
EURJPY,BUY,5.077330166413885,WIN,SL,85.0
EURJPY,BUY,-89.7551851230795,LOSS,SL,85.0
EURJPY,SELL,-88.8576332718487,LOSS,SL,80.0
EURJPY,BUY,-87.96905693913021,LOSS,SL,55.0
EURJPY,BUY,130.63404955461073,WIN,TP,75.0
EURJPY,BUY,6.366032612319767,WIN,SL,85.0
EURJPY,BUY,132.6890507871145,WIN,TP,75.0
EURJPY,SELL,-89.78625769927935,LOSS,SL,85.0
EURJPY,BUY,-88.88839512228655,LOSS,SL,85.0
EURJPY,SELL,-87.99951117106367,LOSS,SL,55.0
EURJPY,BUY,-87.11951605935305,LOSS,SL,85.0
EURJPY,SELL,-86.24832089875952,LOSS,SL,80.0
EURJPY,SELL,-85.38583768977195,LOSS,SL,70.0
EURJPY,BUY,73.47260918839916,WIN,SL,85.0
EURJPY,SELL,-85.2667054047582,LOSS,SL,55.0
EURJPY,BUY,-84.41403835071061,LOSS,SL,85.0
EURJPY,SELL,-83.5698979672035,LOSS,SL,55.0
EURJPY,BUY,-82.73419898753149,LOSS,SL,80.0
EURCHF,BUY,-100.0,LOSS,SL,85.0
EURCHF,BUY,-99.0,LOSS,SL,90.0
EURCHF,BUY,147.01500000000004,WIN,TP,55.0
EURCHF,SELL,84.656229037053,WIN,SL,55.0
EURCHF,BUY,150.49006843555694,WIN,TP,90.0
EURCHF,SELL,94.91532920173964,WIN,SL,45.0
EURCHF,BUY,154.17114940011666,WIN,TP,85.0
EURCHF,BUY,-104.32247776074466,LOSS,SL,85.0
EURCHF,SELL,-103.2792529831372,LOSS,SL,55.0
EURCHF,BUY,-102.24646045330584,LOSS,SL,100.0
EURCHF,BUY,-101.2239958487728,LOSS,SL,85.0
EURCHF,SELL,-100.21175589028506,LOSS,SL,75.0
EURCHF,SELL,148.8144574970733,WIN,TP,85.0
EURCHF,BUY,-100.69778290635296,LOSS,SL,85.0
EURCHF,BUY,-99.69080507728943,LOSS,SL,85.0
EURCHF,SELL,148.04084553977333,WIN,TP,75.0
EURCHF,BUY,-100.17430548191427,LOSS,SL,85.0
EURCHF,SELL,-99.17256242709513,LOSS,SL,55.0
EURCHF,SELL,-98.18083680282417,LOSS,SL,55.0
EURCHF,BUY,9.168122823044172,WIN,SL,85.0
EURCHF,BUY,-97.29070966302638,LOSS,SL,85.0
EURCHF,SELL,-96.31780256639613,LOSS,SL,40.0
EURCHF,BUY,-95.35462454073213,LOSS,SL,100.0
EURCHF,SELL,-94.40107829532482,LOSS,SL,85.0
EURCHF,SELL,-93.45706751237157,LOSS,SL,85.0
EURCHF,SELL,-92.52249683724786,LOSS,SL,70.0
EURCHF,BUY,-91.59727186887538,LOSS,SL,100.0
EURAUD,BUY,5.568758000252924,WIN,SL,100.0
EURAUD,BUY,-100.05568758000253,LOSS,SL,75.0
EURAUD,SELL,3.8497268233375133,WIN,SL,75.0
EURAUD,BUY,97.61575149726245,WIN,SL,100.0
EURAUD,BUY,-100.06978548740848,LOSS,SL,75.0
EURAUD,BUY,-99.0690876325344,LOSS,SL,85.0
EURAUD,BUY,-98.07839675620903,LOSS,SL,45.0
EURAUD,SELL,-97.09761278864696,LOSS,SL,85.0
EURAUD,SELL,-96.12663666076048,LOSS,SL,85.0
EURAUD,BUY,142.74805544122634,WIN,TP,70.0
EURAUD,BUY,144.8892762728502,WIN,TP,60.0
EURAUD,SELL,147.0626154169428,WIN,TP,55.0
EURAUD,BUY,85.59287683449999,WIN,SL,55.0
EURAUD,BUY,-100.36829853380809,LOSS,SL,75.0
EURAUD,BUY,149.04692332270503,WIN,TP,85.0
EURAUD,SELL,151.28262717254557,WIN,TP,85.0
EURAUD,SELL,-102.36791105342253,LOSS,SL,65.0
EURAUD,BUY,152.01634791433244,WIN,TP,85.0
EURAUD,SELL,154.29659313304947,WIN,TP,70.0
EURAUD,BUY,-104.4073613533621,LOSS,SL,100.0
EURAUD,SELL,-103.36328773982848,LOSS,SL,70.0
EURAUD,BUY,153.4944822936462,WIN,TP,85.0
EURAUD,BUY,155.79689952804927,WIN,TP,85.0
EURAUD,SELL,-105.42256868064716,LOSS,SL,70.0
EURAUD,BUY,121.26229227882847,WIN,SL,100.0
EURAUD,SELL,121.18718201414801,WIN,SL,75.0
EURAUD,BUY,-106.79283773677045,LOSS,SL,85.0
EURAUD,BUY,-105.72490935940276,LOSS,SL,85.0
EURAUD,SELL,157.00149039871468,WIN,TP,85.0
EURAUD,SELL,3.840988758859809,WIN,SL,45.0
EURAUD,BUY,159.41412758607868,WIN,TP,80.0
EURAUD,SELL,-107.87022633324528,LOSS,SL,75.0
EURAUD,BUY,-106.79152406991281,LOSS,SL,70.0
EURAUD,BUY,158.5854132438205,WIN,TP,85.0
EURAUD,BUY,-107.3094629616519,LOSS,SL,85.0
EURAUD,BUY,5.260164844240633,WIN,SL,85.0
EURAUD,BUY,-106.28896998047777,LOSS,SL,55.0
EURAUD,BUY,128.77272398698167,WIN,SL,75.0
EURAUD,SELL,-106.51380752054281,LOSS,SL,70.0
EURAUD,BUY,-105.44866944533737,LOSS,SL,85.0
EURAUD,SELL,-104.39418275088401,LOSS,SL,60.0
EURCAD,BUY,6.086332992584318,WIN,SL,90.0
EURCAD,BUY,150.09129499488878,WIN,TP,85.0
EURCAD,BUY,-101.56177627987473,LOSS,SL,85.0
EURCAD,BUY,175.94726685124087,WIN,SL,85.0
EURCAD,BUY,5.72973554462728,WIN,SL,100.0
EURCAD,SELL,106.82182020097156,WIN,SL,70.0
EURCAD,BUY,155.14672011457046,WIN,TP,60.0
EURCAD,BUY,157.473920916282,WIN,TP,85.0
EURCAD,BUY,-106.5573531533529,LOSS,SL,85.0
EURCAD,SELL,4.1737442764177795,WIN,SL,80.0
EURCAD,SELL,-105.53351706458353,LOSS,SL,75.0
EURCAD,SELL,-104.47818189393773,LOSS,SL,80.0
EURCAD,BUY,155.15010011250044,WIN,TP,100.0
EURCAD,BUY,-104.98490107612334,LOSS,SL,90.0
EURCAD,SELL,-103.93505206536211,LOSS,SL,70.0
EURCAD,BUY,-102.89570154470849,LOSS,SL,95.0
EURCAD,SELL,-101.86674452926138,LOSS,SL,75.0
EURCAD,SELL,-100.84807708396879,LOSS,SL,85.0
EURCAD,BUY,-99.83959631312909,LOSS,SL,90.0
EURCAD,SELL,-98.8412003499978,LOSS,SL,90.0
EURCAD,BUY,-97.85278834649782,LOSS,SL,100.0
EURCAD,BUY,4.327206969651579,WIN,SL,75.0
EURCAD,SELL,-96.91753253272937,LOSS,SL,45.0
GBPJPY,SELL,-100.0,LOSS,SL,85.0
GBPJPY,SELL,-99.0,LOSS,SL,85.0
GBPJPY,BUY,-98.01,LOSS,SL,90.0
GBPJPY,SELL,3.7222184119907573,WIN,SL,75.0
GBPJPY,SELL,-97.0671221841199,LOSS,SL,85.0
GBPJPY,SELL,-96.09645096227872,LOSS,SL,75.0
GBPJPY,SELL,5.42089957053742,WIN,SL,80.0
GBPJPY,BUY,-95.18969544836129,LOSS,SL,85.0
GBPJPY,BUY,141.35669774081305,WIN,TP,85.0
GBPJPY,SELL,-95.65136547128583,LOSS,SL,85.0
GBPJPY,BUY,-94.69485181657296,LOSS,SL,90.0
GBPJPY,SELL,140.62185494761084,WIN,TP,45.0
GBPJPY,BUY,-95.15412184788333,LOSS,SL,80.0
GBPJPY,SELL,-94.2025806294045,LOSS,SL,85.0
GBPJPY,BUY,-93.26055482311045,LOSS,SL,85.0
GBPJPY,BUY,138.49192391232103,WIN,TP,85.0
GBPJPY,BUY,-93.71286851400255,LOSS,SL,100.0
GBPJPY,SELL,-92.77573982886251,LOSS,SL,85.0
GBPJPY,BUY,4.1776481221118935,WIN,SL,75.0
GBPJPY,SELL,-91.889758911795,LOSS,SL,85.0
GBPJPY,SELL,-90.97086132267707,LOSS,SL,85.0
GBPJPY,BUY,-90.06115270945027,LOSS,SL,75.0
GBPJPY,SELL,133.7408117735352,WIN,TP,65.0
GBPJPY,BUY,-90.49794930009114,LOSS,SL,75.0
GBPJPY,SELL,-89.59296980709023,LOSS,SL,70.0
GBPJPY,BUY,-88.69704010901931,LOSS,SL,50.0
GBPJPY,SELL,-87.81006970792913,LOSS,SL,85.0
GBPJPY,SELL,-86.93196901084983,LOSS,SL,75.0
GBPJPY,SELL,-86.06264932074133,LOSS,SL,85.0
GBPJPY,BUY,1.3308001455937142,WIN,SL,85.0
GBPJPY,SELL,-85.21533082898985,LOSS,SL,85.0
GBPJPY,BUY,86.36346235628504,WIN,SL,70.0
GBPJPY,BUY,-85.22681214426281,LOSS,SL,55.0
GBPJPY,BUY,126.56181603423026,WIN,TP,85.0
GBPJPY,BUY,3.020821467819332,WIN,SL,60.0
GBPJPY,BUY,-85.67037039784067,LOSS,SL,45.0
GBPJPY,SELL,-84.81366669386227,LOSS,SL,85.0
GBPJPY,BUY,-83.96553002692364,LOSS,SL,80.0
GBPJPY,BUY,124.68881208997871,WIN,TP,85.0
GBPJPY,SELL,-84.37276284755418,LOSS,SL,55.0
GBPJPY,BUY,-83.52903521907865,LOSS,SL,85.0
GBPJPY,SELL,124.04061730032986,WIN,TP,80.0
GBPJPY,SELL,-83.93415103989116,LOSS,SL,80.0
GBPJPY,BUY,-83.09480952949225,LOSS,SL,60.0
GBPJPY,SELL,123.395792151296,WIN,TP,65.0
GBPJPY,BUY,125.24672903356544,WIN,TP,80.0
GBPJPY,SELL,-84.75028664604595,LOSS,SL,85.0
GBPJPY,BUY,2.8301083233453532,WIN,SL,55.0
GBPJPY,BUY,60.16375362039015,WIN,SL,55.0
GBPJPY,BUY,-84.53272239902287,LOSS,SL,65.0
GBPJPY,BUY,125.53109276254658,WIN,TP,70.0
GBPJPY,SELL,127.41405915398605,WIN,TP,85.0
GBPJPY,SELL,129.32527004129693,WIN,TP,85.0
GBPJPY,BUY,69.58716569621642,WIN,SL,85.0
GBPJPY,BUY,167.26879793696855,WIN,SL,75.0
GBPJPY,SELL,-89.8786590309428,LOSS,SL,65.0
GBPJPY,BUY,4.164881829205423,WIN,SL,65.0
GBPJPY,SELL,-89.02152125892542,LOSS,SL,80.0
GBPJPY,BUY,-88.13130604633618,LOSS,SL,85.0
GBPJPY,SELL,-87.24999298587282,LOSS,SL,65.0
GBPJPY,BUY,-86.37749305601409,LOSS,SL,85.0
GBPJPY,BUY,-85.51371812545395,LOSS,SL,85.0
GBPJPY,SELL,3.1268074251018745,WIN,SL,55.0
GBPJPY,SELL,-84.68984901845043,LOSS,SL,80.0
GBPJPY,BUY,-83.84295052826592,LOSS,SL,85.0
GBPJPY,SELL,-83.00452102298327,LOSS,SL,85.0
GBPJPY,BUY,-82.17447581275343,LOSS,SL,65.0
GBPJPY,SELL,3.228998826724067,WIN,SL,65.0
GBPJPY,BUY,-81.38502104289313,LOSS,SL,85.0
GBPJPY,BUY,65.12330775062411,WIN,SL,75.0
GBPJPY,SELL,-81.22240390997045,LOSS,SL,85.0
GBPJPY,SELL,120.61526980630612,WIN,TP,80.0
GBPJPY,BUY,-81.6163325689338,LOSS,SL,85.0
GBPJPY,BUY,-80.80016924324447,LOSS,SL,65.0
GBPJPY,SELL,-79.99216755081203,LOSS,SL,75.0
GBPJPY,SELL,-79.1922458753039,LOSS,SL,85.0
GBPJPY,BUY,117.60048512482489,WIN,TP,65.0
GBPJPY,SELL,63.55918557292919,WIN,SL,85.0
GBPJPY,BUY,-80.21192012352839,LOSS,SL,85.0
GBPJPY,SELL,-79.40980092229312,LOSS,SL,85.0
GBPJPY,BUY,-78.61570291307018,LOSS,SL,55.0
GBPJPY,SELL,-77.82954588393947,LOSS,SL,65.0
GBPJPY,SELL,-77.05125042510008,LOSS,SL,75.0
GBPJPY,SELL,114.42110688127534,WIN,TP,60.0
GBPJPY,SELL,-77.42494898966184,LOSS,SL,85.0
GBPJPY,SELL,68.54974281367896,WIN,SL,90.0
GBPJPY,BUY,-77.33619692790201,LOSS,SL,85.0
GBPJPY,SELL,-76.56283495862299,LOSS,SL,60.0
GBPJPY,BUY,-75.79720660903675,LOSS,SL,75.0
GBPJPY,SELL,-75.03923454294637,LOSS,SL,65.0
GBPJPY,BUY,-74.28884219751691,LOSS,SL,55.0
GBPJPY,SELL,-73.54595377554175,LOSS,SL,75.0
GBPJPY,BUY,-72.81049423778633,LOSS,SL,75.0
GBPJPY,BUY,-72.08238929540846,LOSS,SL,85.0
GBPJPY,SELL,-71.36156540245439,LOSS,SL,65.0
GBPJPY,SELL,105.97192462264475,WIN,TP,90.0
GBPJPY,BUY,107.56150349198296,WIN,TP,85.0
GBPJPY,BUY,109.17492604436583,WIN,TP,100.0
GBPJPY,BUY,-73.87503329001977,LOSS,SL,80.0
GBPJPY,SELL,-73.13628295711958,LOSS,SL,85.0
GBPJPY,BUY,108.60738019132418,WIN,TP,75.0
GBPJPY,SELL,-73.49099392946162,LOSS,SL,85.0
GBPJPY,SELL,-72.75608399016701,LOSS,SL,85.0
GBPJPY,SELL,108.04278472539696,WIN,TP,80.0
GBPJPY,SELL,-73.1089509975193,LOSS,SL,55.0
GBPJPY,SELL,108.56679223131742,WIN,TP,85.0
GBPJPY,BUY,1.4321807798589328,WIN,SL,100.0
GBPJPY,SELL,110.21677682648544,WIN,TP,65.0
GBPJPY,SELL,-74.58001898592073,LOSS,SL,75.0
GBPJPY,BUY,-73.83421879606152,LOSS,SL,100.0
GBPJPY,BUY,2.5123413573185434,WIN,SL,65.0
GBPJPY,BUY,83.30577471612747,WIN,SL,85.0
GBPJPY,SELL,2.7444935741650878,WIN,SL,85.0
GBPJPY,BUY,110.97225405686552,WIN,TP,60.0
GBPJPY,BUY,2.957175626199024,WIN,SL,65.0
GBPJPY,SELL,-75.12079700140767,LOSS,SL,100.0
GBPJPY,BUY,111.55438354709038,WIN,TP,75.0
GBPJPY,SELL,-75.4851328668645,LOSS,SL,85.0
GBPJPY,BUY,-74.73028153819585,LOSS,SL,75.0
GBPJPY,BUY,110.97446808422232,WIN,TP,75.0
GBPJPY,SELL,-75.09272340365612,LOSS,SL,85.0
GBPJPY,BUY,-74.34179616961956,LOSS,SL,70.0
GBPJPY,SELL,-73.59837820792336,LOSS,SL,75.0
GBPJPY,BUY,109.2935916387662,WIN,TP,85.0
GBPJPY,BUY,-73.95533034223179,LOSS,SL,85.0
GBPJPY,SELL,-73.21577703880946,LOSS,SL,85.0
GBPJPY,BUY,-72.48361926842138,LOSS,SL,65.0
GBPJPY,SELL,-71.75878307573716,LOSS,SL,65.0
GBPJPY,BUY,-71.04119524497979,LOSS,SL,90.0
GBPJPY,BUY,55.13794416041577,WIN,SL,85.0
GBPJPY,SELL,71.06271858868537,WIN,SL,85.0
GBPJPY,BUY,-71.59278992002099,LOSS,SL,85.0
GBPJPY,SELL,106.3152930312341,WIN,TP,85.0
GBPJPY,SELL,-71.94001495113314,LOSS,SL,80.0
GBPJPY,BUY,-71.2206148016218,LOSS,SL,75.0
GBPJPY,SELL,-70.50840865360558,LOSS,SL,85.0
GBPJPY,BUY,104.70498685060242,WIN,TP,75.0
GBPJPY,BUY,72.50958284925926,WIN,SL,80.0
GBPCHF,SELL,150.0,WIN,TP,70.0
GBPCHF,SELL,6.302913574684402,WIN,SL,60.0
GBPCHF,SELL,-101.56302913574683,LOSS,SL,80.0
GBPCHF,BUY,150.82109826658407,WIN,TP,80.0
GBPCHF,SELL,4.001366478311079,WIN,SL,60.0
GBPCHF,BUY,153.14343523775747,WIN,TP,85.0
GBPCHF,BUY,-103.62705784421591,LOSS,SL,50.0
GBPCHF,BUY,153.88618089866455,WIN,TP,70.0
GBPCHF,SELL,-104.12964907476038,LOSS,SL,50.0
GBPCHF,SELL,-103.08835258401278,LOSS,SL,35.0
GBPCHF,SELL,-102.05746905817266,LOSS,SL,55.0
GBPCHF,BUY,151.55534155138636,WIN,TP,100.0
GBPCHF,BUY,-102.55244778310478,LOSS,SL,90.0
GBPCHF,BUY,5.603727800162788,WIN,SL,90.0
GBPCHF,SELL,7.447715126238227,WIN,SL,85.0
GBPCHF,SELL,-101.65743773453775,LOSS,SL,75.0
GBPCHF,BUY,150.96129503578578,WIN,TP,75.0
GBPCHF,BUY,-102.15047630755024,LOSS,SL,100.0
GBPCHF,BUY,71.83724095357337,WIN,SL,90.0
GBPCHF,SELL,164.4817346977304,WIN,SL,85.0
GBPCHF,BUY,-103.49216130098777,LOSS,SL,60.0
GBPCHF,SELL,-102.45723968797789,LOSS,SL,80.0
GBPCHF,SELL,-101.43266729109811,LOSS,SL,75.0
GBPCHF,BUY,103.64333833857508,WIN,SL,95.0
GBPCHF,SELL,90.69242763182878,WIN,SL,85.0
GBPCHF,SELL,153.54254741683678,WIN,TP,75.0
GBPCHF,SELL,-103.89712375205956,LOSS,SL,45.0
GBPCHF,BUY,85.58361643564982,WIN,SL,100.0
GBPCHF,SELL,-103.71398867889546,LOSS,SL,60.0
GBPCHF,SELL,-102.67684879210651,LOSS,SL,85.0
GBPCHF,BUY,-101.65008030418542,LOSS,SL,85.0
GBPCHF,BUY,-100.63357950114357,LOSS,SL,85.0
GBPCHF,SELL,-99.62724370613215,LOSS,SL,60.0
GBPCHF,BUY,147.94645690360622,WIN,TP,85.0
GBPCHF,BUY,150.1656537571603,WIN,TP,85.0
GBPCHF,BUY,-101.61209237567847,LOSS,SL,85.0
GBPCHF,BUY,-100.59597145192168,LOSS,SL,90.0
GBPCHF,BUY,-99.59001173740248,LOSS,SL,70.0
GBPAUD,SELL,-100.00000000000001,LOSS,SL,65.0
GBPAUD,BUY,-99.00000000000001,LOSS,SL,90.0
GBPAUD,BUY,-98.01,LOSS,SL,100.0
GBPAUD,BUY,-97.0299,LOSS,SL,55.0
GBPAUD,SELL,-96.059601,LOSS,SL,85.0
GBPAUD,SELL,-95.09900499,LOSS,SL,60.0
GBPAUD,BUY,-94.1480149401,LOSS,SL,85.0
GBPAUD,BUY,139.80980218604546,WIN,TP,85.0
GBPAUD,SELL,-94.60463281255947,LOSS,SL,85.0
GBPAUD,BUY,-93.65858648443387,LOSS,SL,85.0
GBPAUD,BUY,139.08300092938427,WIN,TP,85.0
GBPAUD,SELL,141.16924594332434,WIN,TP,75.0
GBPAUD,SELL,-95.52452308831663,LOSS,SL,75.0
GBPAUD,BUY,-94.56927785743345,LOSS,SL,55.0
GBPAUD,SELL,140.43537761828867,WIN,TP,80.0
GBPAUD,BUY,-95.02793885504201,LOSS,SL,60.0
GBPAUD,SELL,-94.07765946649158,LOSS,SL,85.0
GBPAUD,SELL,-93.13688287182664,LOSS,SL,35.0
GBPAUD,BUY,-92.2055140431084,LOSS,SL,75.0
GBPAUD,SELL,-91.28345890267732,LOSS,SL,85.0
GBPAUD,BUY,65.4375090337806,WIN,SL,95.0
GBPAUD,BUY,4.718500559378644,WIN,SL,85.0
GBPAUD,SELL,-91.07218440958214,LOSS,SL,85.0
GBPAUD,SELL,169.5786495323146,WIN,SL,85.0
GBPAUD,SELL,1.2701227718922923,WIN,SL,75.0
GBPAUD,BUY,-91.86995028852837,LOSS,SL,75.0
GBPAUD,BUY,-90.9512507856431,LOSS,SL,85.0
GBPAUD,BUY,-90.04173827778666,LOSS,SL,100.0
GBPAUD,SELL,3.435119788902907,WIN,SL,85.0
GBPAUD,BUY,133.76350813935017,WIN,TP,100.0
GBPAUD,BUY,-90.51330717429133,LOSS,SL,85.0
GBPAUD,BUY,64.76957992551051,WIN,SL,85.0
GBPAUD,BUY,-90.25586990180352,LOSS,SL,100.0
GBPAUD,BUY,134.02996680417408,WIN,TP,85.0
GBPAUD,SELL,130.4759288902448,WIN,SL,70.0
GBPAUD,BUY,-91.99837015972967,LOSS,SL,85.0
GBPAUD,SELL,-91.07838645813237,LOSS,SL,65.0
GBPAUD,SELL,135.25140389032256,WIN,TP,85.0
GBPCAD,BUY,-100.00000000000001,LOSS,SL,75.0
GBPCAD,BUY,-99.0,LOSS,SL,85.0
GBPCAD,BUY,-98.01,LOSS,SL,90.0
GBPCAD,SELL,145.5448500000022,WIN,TP,85.0
GBPCAD,SELL,4.74671646925042,WIN,SL,85.0
GBPCAD,BUY,5.961997004232021,WIN,SL,75.0
GBPCAD,BUY,-98.59243563473483,LOSS,SL,100.0
GBPCAD,BUY,-97.6065112783875,LOSS,SL,85.0
GBPCAD,SELL,-96.63044616560362,LOSS,SL,85.0
GBPCAD,BUY,-95.66414170394758,LOSS,SL,85.0
GBPCAD,SELL,-94.70750028690809,LOSS,SL,85.0
GBPCAD,SELL,98.45278903187858,WIN,SL,55.0
GBPCAD,BUY,6.817888199686511,WIN,SL,85.0
GBPCAD,BUY,3.5032438002176143,WIN,SL,85.0
GBPCAD,SELL,-94.84816449435684,LOSS,SL,90.0
GBPCAD,BUY,-93.89968284941328,LOSS,SL,60.0
GBPCAD,BUY,139.44102903137872,WIN,TP,85.0
GBPCAD,SELL,75.91722606864388,WIN,SL,85.0
GBPCAD,BUY,-95.11426857191938,LOSS,SL,85.0
GBPCAD,BUY,3.644459510470048,WIN,SL,85.0
GBPCAD,BUY,141.29935572195734,WIN,TP,90.0
GBPCAD,BUY,-95.61256403852447,LOSS,SL,70.0
AUDJPY,SELL,74.56368283367536,WIN,SL,85.0
AUDJPY,SELL,-100.74563682833677,LOSS,SL,65.0
AUDJPY,BUY,-99.7381804600534,LOSS,SL,75.0
AUDJPY,BUY,148.11119798318143,WIN,TP,80.0
AUDJPY,SELL,-100.22191063528467,LOSS,SL,85.0
AUDJPY,BUY,-99.21969152893183,LOSS,SL,75.0
AUDJPY,BUY,-98.22749461364252,LOSS,SL,85.0
AUDJPY,BUY,-97.2452196675061,LOSS,SL,85.0
AUDJPY,SELL,-96.27276747083104,LOSS,SL,85.0
AUDJPY,BUY,-95.31003979612271,LOSS,SL,85.0
AUDJPY,SELL,141.53540909724506,WIN,TP,65.0
AUDJPY,BUY,-95.77229348913396,LOSS,SL,85.0
AUDJPY,SELL,-94.81457055424262,LOSS,SL,85.0
AUDJPY,BUY,-93.86642484870019,LOSS,SL,75.0
AUDJPY,BUY,-92.92776060021319,LOSS,SL,75.0
AUDJPY,SELL,7.57528835231245,WIN,SL,65.0
AUDJPY,BUY,138.11135381660128,WIN,TP,70.0
AUDJPY,SELL,8.904985165617214,WIN,SL,95.0
AUDJPY,BUY,-93.54439926755637,LOSS,SL,85.0
AUDJPY,SELL,-92.60895527488083,LOSS,SL,60.0
AUDJPY,BUY,-91.68286572213201,LOSS,SL,85.0
AUDJPY,SELL,99.21412441338276,WIN,SL,80.0
AUDJPY,BUY,-91.75817830904452,LOSS,SL,100.0
AUDJPY,BUY,136.2608947889299,WIN,TP,90.0
AUDJPY,SELL,1.9096059756455497,WIN,SL,85.0
AUDJPY,SELL,-92.22230153359982,LOSS,SL,85.0
AUDJPY,BUY,136.95011777739356,WIN,TP,75.0
AUDJPY,BUY,9.739998716918072,WIN,SL,85.0
AUDJPY,SELL,-92.76697968320693,LOSS,SL,55.0
AUDJPY,BUY,-91.83930988637485,LOSS,SL,100.0
AUDJPY,SELL,155.74534869552096,WIN,SL,75.0
AUDJPY,BUY,-92.47837027446631,LOSS,SL,75.0
AUDJPY,SELL,-91.55358657172167,LOSS,SL,60.0
AUDJPY,BUY,-90.63805070600444,LOSS,SL,75.0
AUDJPY,SELL,-89.7316701989444,LOSS,SL,85.0
AUDJPY,SELL,-88.83435349695496,LOSS,SL,65.0
AUDJPY,SELL,-87.9460099619854,LOSS,SL,90.0
AUDJPY,SELL,130.59982479354835,WIN,TP,85.0
AUDJPY,BUY,-88.37254811030104,LOSS,SL,75.0
AUDJPY,SELL,131.23323394379702,WIN,TP,60.0
AUDJPY,SELL,-88.80115496863598,LOSS,SL,100.0
AUDJPY,BUY,2.1816599992005794,WIN,SL,85.0
AUDJPY,SELL,-87.93496001894162,LOSS,SL,85.0
AUDJPY,BUY,130.58341562812623,WIN,TP,85.0
AUDJPY,BUY,132.54216686255023,WIN,TP,70.0
AUDJPY,SELL,-89.68686624365897,LOSS,SL,65.0
AUDJPY,SELL,114.15379352863468,WIN,SL,70.0
AUDJPY,BUY,-89.93153551650872,LOSS,SL,75.0
AUDJPY,BUY,-89.03222016134363,LOSS,SL,85.0
AUDJPY,SELL,-88.1418979597302,LOSS,SL,75.0
AUDJPY,BUY,-87.26047898013289,LOSS,SL,85.0
AUDJPY,BUY,5.857533911326098,WIN,SL,85.0
AUDJPY,SELL,-86.44644952944482,LOSS,SL,75.0
AUDJPY,BUY,-85.58198503415036,LOSS,SL,85.0
AUDJPY,BUY,127.08924777571548,WIN,TP,60.0
AUDJPY,SELL,128.995586492347,WIN,TP,75.0
AUDJPY,SELL,130.93052028973423,WIN,TP,75.0
AUDJPY,BUY,132.89447809408023,WIN,TP,75.0
AUDJPY,BUY,97.33895802537528,WIN,SL,45.0
AUDJPY,BUY,136.34797963587414,WIN,TP,45.0
AUDJPY,SELL,-92.26213288694011,LOSS,SL,85.0
AUDJPY,SELL,-91.3395115580707,LOSS,SL,85.0
AUDJPY,BUY,-90.42611644248998,LOSS,SL,85.0
AUDJPY,SELL,-89.52185527806509,LOSS,SL,70.0
AUDJPY,BUY,4.071783289774101,WIN,SL,90.0
AUDJPY,SELL,-88.66735455818218,LOSS,SL,65.0
AUDJPY,BUY,-87.78068101260037,LOSS,SL,75.0
AUDJPY,SELL,-86.90287420247437,LOSS,SL,65.0
AUDJPY,SELL,89.03632679805993,WIN,SL,80.0
AUDJPY,BUY,-86.9242087284302,LOSS,SL,85.0
AUDJPY,BUY,-86.0549666411459,LOSS,SL,80.0
AUDJPY,SELL,127.79162546210165,WIN,TP,85.0
AUDJPY,BUY,-86.47233322935544,LOSS,SL,90.0
AUDJPY,SELL,128.4114148455949,WIN,TP,70.0
AUDJPY,BUY,-86.89172404551785,LOSS,SL,85.0
AUDJPY,BUY,-86.02280680506267,LOSS,SL,80.0
AUDJPY,SELL,-85.16257873701204,LOSS,SL,85.0
AUDJPY,BUY,-84.31095294964193,LOSS,SL,75.0
AUDJPY,BUY,125.2017651302172,WIN,TP,65.0
AUDJPY,SELL,82.48129158799972,WIN,SL,60.0
AUDJPY,SELL,128.3170109809897,WIN,TP,75.0
AUDJPY,BUY,-86.82784409713757,LOSS,SL,85.0
AUDJPY,SELL,-85.95956565616619,LOSS,SL,85.0
AUDJPY,BUY,-85.09996999960453,LOSS,SL,65.0
AUDJPY,SELL,-84.24897029960849,LOSS,SL,65.0
AUDJPY,BUY,-83.4064805966124,LOSS,SL,55.0
AUDJPY,BUY,4.065818023029187,WIN,SL,75.0
AUDJPY,SELL,-82.61307397087658,LOSS,SL,85.0
AUDJPY,SELL,-81.78694323116781,LOSS,SL,85.0
AUDJPY,SELL,121.45361069828206,WIN,TP,75.0
AUDJPY,SELL,-82.18360990583895,LOSS,SL,90.0
AUDJPY,SELL,5.410593303765233,WIN,SL,85.0
AUDJPY,SELL,131.63135506771607,WIN,SL,60.0
AUDJPY,SELL,-82.73219329049537,LOSS,SL,80.0
AUDJPY,BUY,-81.90487135759044,LOSS,SL,85.0
AUDJPY,BUY,121.62873396602393,WIN,TP,85.0
AUDJPY,SELL,123.45316497551215,WIN,TP,45.0
AUDJPY,BUY,-83.53664163342988,LOSS,SL,85.0
AUDJPY,BUY,-82.70127521709558,LOSS,SL,100.0
AUDJPY,BUY,-81.87426246492463,LOSS,SL,85.0
AUDJPY,SELL,-81.05551984027538,LOSS,SL,65.0
AUDJPY,BUY,-80.24496464187263,LOSS,SL,80.0
AUDJPY,SELL,5.0456802911141745,WIN,SL,75.0
AUDJPY,BUY,-79.49297179836505,LOSS,SL,85.0
AUDJPY,SELL,118.04706312057364,WIN,TP,65.0
AUDJPY,SELL,-79.87851271158713,LOSS,SL,65.0
AUDJPY,BUY,-79.07972758447126,LOSS,SL,65.0
AUDJPY,SELL,117.43339546293981,WIN,TP,70.0
AUDJPY,BUY,-79.46326426325594,LOSS,SL,85.0
AUDJPY,SELL,118.00294743093332,WIN,TP,85.0
AUDJPY,BUY,119.77299164239732,WIN,TP,85.0
AUDJPY,SELL,121.56958651703503,WIN,TP,55.0
AUDJPY,SELL,-82.26208687652705,LOSS,SL,80.0
AUDJPY,BUY,122.15919901164487,WIN,TP,75.0
AUDJPY,BUY,-82.66105799787822,LOSS,SL,75.0
AUDJPY,SELL,-81.83444741789944,LOSS,SL,55.0
AUDJPY,SELL,121.52415441557993,WIN,TP,75.0
AUDJPY,BUY,123.34701673181368,WIN,TP,85.0
AUDJPY,BUY,-83.46481465519439,LOSS,SL,75.0
AUDJPY,BUY,-82.63016650864245,LOSS,SL,90.0
AUDJPY,BUY,122.70579726533565,WIN,TP,70.0
AUDJPY,SELL,-83.03092281620938,LOSS,SL,75.0
AUDJPY,BUY,123.3009203820725,WIN,TP,70.0
AUDJPY,SELL,125.15043418780446,WIN,TP,100.0
AUDJPY,BUY,73.78483381611203,WIN,SL,75.0
AUDJPY,BUY,128.1344632078628,WIN,TP,45.0
AUDJPY,BUY,130.0564801559812,WIN,TP,85.0
AUDJPY,SELL,62.32858475061765,WIN,SL,85.0
AUDJPY,SELL,-88.6281707530518,LOSS,SL,60.0
AUDJPY,BUY,131.61283356828025,WIN,TP,70.0
AUDJPY,BUY,133.58702607180865,WIN,TP,85.0
AUDJPY,SELL,-90.39388764192218,LOSS,SL,85.0
AUDJPY,BUY,7.599949642332407,WIN,SL,85.0
AUDJPY,BUY,-89.56594826192628,LOSS,SL,80.0
AUDJPY,SELL,-88.67028877930701,LOSS,SL,75.0
AUDJPY,BUY,-87.78358589151394,LOSS,SL,85.0
AUDJPY,SELL,130.35862504889568,WIN,TP,85.0
AUDJPY,BUY,-88.20933628308777,LOSS,SL,55.0
AUDJPY,BUY,130.99086438038745,WIN,TP,75.0
AUDJPY,SELL,-88.63715156406077,LOSS,SL,85.0
AUDJPY,BUY,-87.75078004842017,LOSS,SL,50.0
AUDJPY,SELL,-86.87327224793597,LOSS,SL,85.0
AUDJPY,BUY,7.1798659540212615,WIN,SL,60.0
AUDJPY,SELL,61.8143613682083,WIN,SL,75.0
AUDJPY,SELL,130.04172269801833,WIN,TP,55.0
AUDJPY,BUY,-87.9948990256591,LOSS,SL,85.0
AUDJPY,BUY,-87.11495003540249,LOSS,SL,80.0
AUDJPY,BUY,-86.24380053504848,LOSS,SL,75.0
AUDJPY,SELL,-85.38136252969798,LOSS,SL,60.0
AUDJPY,BUY,-84.52754890440102,LOSS,SL,55.0
AUDJPY,BUY,-83.682273415357,LOSS,SL,75.0
AUDJPY,SELL,-82.84545068120342,LOSS,SL,80.0
AUDJPY,BUY,5.591600594298036,WIN,SL,75.0
AUDJPY,SELL,-82.07291218033437,LOSS,SL,80.0
CADJPY,SELL,150.0000000000032,WIN,TP,85.0
CADJPY,BUY,-101.50000000000004,LOSS,SL,75.0
CADJPY,BUY,-100.48500000000003,LOSS,SL,80.0
CADJPY,SELL,-99.48015000000004,LOSS,SL,80.0
CADJPY,SELL,-98.48534850000004,LOSS,SL,100.0
CADJPY,BUY,146.25074252250377,WIN,TP,85.0
CADJPY,BUY,-98.96300244022507,LOSS,SL,75.0
CADJPY,SELL,-97.97337241582282,LOSS,SL,60.0
CADJPY,BUY,92.02293876401835,WIN,SL,85.0
CADJPY,SELL,-97.91386807930476,LOSS,SL,85.0
CADJPY,BUY,145.4020940977676,WIN,TP,90.0
CADJPY,SELL,1.858519837117451,WIN,SL,85.0
CADJPY,BUY,147.61100330679085,WIN,TP,85.0
CADJPY,BUY,-99.88344557092846,LOSS,SL,85.0
CADJPY,SELL,-98.88461111521917,LOSS,SL,65.0
CADJPY,SELL,-97.89576500406699,LOSS,SL,100.0
CADJPY,BUY,-96.91680735402632,LOSS,SL,90.0
CADJPY,SELL,-95.94763928048606,LOSS,SL,75.0
CADJPY,BUY,-94.9881628876812,LOSS,SL,85.0
CADJPY,SELL,-94.03828125880439,LOSS,SL,70.0
CADJPY,SELL,-93.09789844621633,LOSS,SL,85.0
CADJPY,SELL,138.25037919263266,WIN,TP,85.0
CADJPY,BUY,-93.54942325368049,LOSS,SL,60.0
CADJPY,BUY,123.61362546125387,WIN,SL,85.0
CADJPY,SELL,140.77509791363292,WIN,TP,80.0
CADJPY,SELL,-95.25781625489256,LOSS,SL,75.0
CADJPY,SELL,-94.30523809234363,LOSS,SL,85.0
CADJPY,BUY,-93.36218571142021,LOSS,SL,80.0
CADJPY,BUY,138.642845781459,WIN,TP,85.0
CADJPY,SELL,-93.81499231212058,LOSS,SL,75.0
CADJPY,BUY,-92.87684238899938,LOSS,SL,85.0
CADJPY,SELL,-91.94807396510939,LOSS,SL,75.0
CADJPY,SELL,136.54288983818742,WIN,TP,85.0
CADJPY,SELL,-92.39402212384013,LOSS,SL,55.0
CADJPY,SELL,86.6548578500523,WIN,SL,90.0
CADJPY,SELL,-92.33663048110226,LOSS,SL,85.0
CADJPY,BUY,4.021626954114023,WIN,SL,75.0
CADJPY,BUY,5.331461111034206,WIN,SL,65.0
CADJPY,SELL,137.26019258541297,WIN,TP,85.0
CADJPY,SELL,139.3190954741934,WIN,TP,85.0
CADJPY,SELL,-94.27258793753877,LOSS,SL,70.0
CADJPY,SELL,-93.32986205816339,LOSS,SL,75.0
CADJPY,BUY,8.450412024588227,WIN,SL,35.0
CADJPY,SELL,87.8756600142621,WIN,SL,75.0
CADJPY,BUY,-93.35982415797025,LOSS,SL,80.0
CADJPY,SELL,-92.42622591639054,LOSS,SL,75.0
CADJPY,BUY,70.78831479620797,WIN,SL,85.0
CADJPY,BUY,6.256853379121503,WIN,SL,85.0
CADJPY,BUY,-92.27241533897994,LOSS,SL,85.0
CADJPY,SELL,-91.34969118559015,LOSS,SL,85.0
CADJPY,BUY,-90.43619427373424,LOSS,SL,65.0
CADJPY,SELL,-89.53183233099689,LOSS,SL,85.0
CADJPY,BUY,132.95477101152926,WIN,TP,75.0
CADJPY,BUY,-89.96606171780222,LOSS,SL,85.0
CADJPY,SELL,-89.0664011006242,LOSS,SL,65.0
CADJPY,BUY,-88.17573708961797,LOSS,SL,55.0
CADJPY,SELL,79.7584640473709,WIN,SL,60.0
CADJPY,SELL,101.00066792223882,WIN,SL,55.0
CADJPY,SELL,-89.10157103841787,LOSS,SL,75.0
CADJPY,BUY,-88.21055532803369,LOSS,SL,65.0
CADJPY,SELL,-87.32844977475335,LOSS,SL,85.0
CADJPY,BUY,75.37931449645816,WIN,SL,60.0
CADJPY,SELL,-87.20895842197041,LOSS,SL,85.0
CADJPY,BUY,-86.3368688377507,LOSS,SL,85.0
CADJPY,SELL,-85.4735001493732,LOSS,SL,80.0
CADJPY,BUY,63.24004105666849,WIN,SL,75.0
CADJPY,BUY,4.6735953791529,WIN,SL,85.0
CADJPY,SELL,-85.29790151223766,LOSS,SL,85.0
CADJPY,SELL,126.6673837456705,WIN,TP,85.0
CADJPY,BUY,-85.711596334572,LOSS,SL,85.0
CADJPY,BUY,127.28172055684104,WIN,TP,85.0
CADJPY,BUY,-86.12729757679469,LOSS,SL,65.0
CADJPY,SELL,-85.26602460102673,LOSS,SL,75.0
CADJPY,SELL,-84.41336435501644,LOSS,SL,55.0
CADJPY,BUY,-83.56923071146632,LOSS,SL,85.0
CADJPY,SELL,124.10030760652894,WIN,TP,75.0
CADJPY,SELL,-83.97454148041692,LOSS,SL,50.0
CADJPY,SELL,-83.13479606561276,LOSS,SL,80.0
CADJPY,SELL,123.45517215743658,WIN,TP,85.0
CADJPY,BUY,-83.53799982653099,LOSS,SL,80.0
CADJPY,SELL,4.092730157281182,WIN,SL,80.0
CADJPY,BUY,-82.7435471298385,LOSS,SL,85.0
CADJPY,BUY,-81.91611165854012,LOSS,SL,80.0
CADJPY,SELL,-81.09695054195471,LOSS,SL,70.0
CADJPY,SELL,120.42897155480178,WIN,TP,65.0
CADJPY,BUY,-81.49027075208319,LOSS,SL,85.0
CADJPY,SELL,-80.67536804456236,LOSS,SL,55.0
CADJPY,SELL,-79.86861436411674,LOSS,SL,85.0
CADJPY,BUY,-79.06992822047556,LOSS,SL,60.0
CADJPY,BUY,117.41884340740458,WIN,TP,75.0
CADJPY,BUY,-79.45341737234484,LOSS,SL,60.0
CADJPY,SELL,-78.6588831986214,LOSS,SL,65.0
CADJPY,SELL,-77.87229436663519,LOSS,SL,85.0
CADJPY,BUY,115.64035713445541,WIN,TP,75.0
CADJPY,BUY,-78.24997499431339,LOSS,SL,65.0
CADJPY,BUY,3.434815277447154,WIN,SL,75.0
CADJPY,BUY,1.9998624156696632,WIN,SL,80.0
CADJPY,SELL,116.28273303195212,WIN,TP,80.0
CADJPY,SELL,118.02697402743252,WIN,TP,85.0
CADJPY,BUY,-79.86491909189527,LOSS,SL,85.0
CADJPY,BUY,-79.06626990097632,LOSS,SL,55.0
CADJPY,BUY,153.27082398611972,WIN,SL,65.0
CADJPY,SELL,6.011878004642665,WIN,SL,70.0
CADJPY,BUY,119.80265133281127,WIN,TP,75.0
CADJPY,BUY,-81.0664607352023,LOSS,SL,75.0
CADJPY,BUY,-80.25579612785027,LOSS,SL,70.0
CADJPY,BUY,-79.45323816657178,LOSS,SL,85.0
CADJPY,SELL,-78.65870578490605,LOSS,SL,70.0
CADJPY,SELL,116.80817809058283,WIN,TP,85.0
CADJPY,BUY,118.56030076194425,WIN,TP,75.0
CADJPY,SELL,-80.22580351558226,LOSS,SL,85.0
CADJPY,BUY,119.13531822064188,WIN,TP,70.0
CADJPY,BUY,120.92234799394762,WIN,TP,75.0
CADJPY,SELL,122.7361832138569,WIN,TP,85.0
CADJPY,BUY,-83.0514839747109,LOSS,SL,85.0
CADJPY,BUY,-82.2209691349638,LOSS,SL,85.0
CADJPY,SELL,6.333607882233422,WIN,SL,100.0
CADJPY,BUY,-81.4620955224365,LOSS,SL,70.0
CADJPY,SELL,-80.64747456721213,LOSS,SL,85.0
CADJPY,BUY,7.466751950691535,WIN,SL,65.0
CADJPY,BUY,-79.91566734104693,LOSS,SL,85.0
CADJPY,SELL,-79.11651066763645,LOSS,SL,85.0
CADJPY,BUY,66.04202530839457,WIN,SL,55.0
CADJPY,BUY,-78.98576581404403,LOSS,SL,85.0
CADJPY,SELL,6.881896226486084,WIN,SL,75.0
CADJPY,BUY,8.763777292425681,WIN,SL,100.0
CADJPY,BUY,-78.35236489109272,LOSS,SL,85.0
CADJPY,SELL,116.35326186327464,WIN,TP,60.0
CADJPY,SELL,-78.73237386081453,LOSS,SL,85.0
CADJPY,SELL,116.91757518331245,WIN,TP,85.0
CADJPY,SELL,64.32010176348973,WIN,SL,60.0
CADJPY,BUY,-79.75742689167441,LOSS,SL,85.0
CADJPY,SELL,-78.95985262275768,LOSS,SL,60.0
CADJPY,BUY,-78.1702540965301,LOSS,SL,85.0
CADJPY,SELL,4.865599767453609,WIN,SL,75.0
CHFJPY,SELL,-100.0,LOSS,SL,65.0
CHFJPY,BUY,-99.0,LOSS,SL,55.0
CHFJPY,BUY,3.99976724245119,WIN,SL,75.0
CHFJPY,SELL,2.643734591836958,WIN,SL,85.0
CHFJPY,BUY,-98.07643501834288,LOSS,SL,70.0
CHFJPY,BUY,145.64350600223918,WIN,TP,75.0
CHFJPY,SELL,-98.55210572818183,LOSS,SL,80.0
CHFJPY,BUY,92.62021783381437,WIN,SL,80.0
CHFJPY,SELL,4.152022582685178,WIN,SL,85.0
CHFJPY,BUY,113.5722595708936,WIN,SL,85.0
CHFJPY,SELL,82.31065802749889,WIN,SL,60.0
CHFJPY,SELL,-100.49313625104891,LOSS,SL,85.0
CHFJPY,SELL,-99.48820488853842,LOSS,SL,85.0
CHFJPY,BUY,-98.49332283965303,LOSS,SL,75.0
CHFJPY,BUY,-97.5083896112565,LOSS,SL,85.0
CHFJPY,BUY,144.7999585727117,WIN,TP,60.0
CHFJPY,BUY,146.97195795130656,WIN,TP,85.0
CHFJPY,SELL,-99.45102488038411,LOSS,SL,85.0
CHFJPY,SELL,-98.45651463158026,LOSS,SL,85.0
CHFJPY,SELL,-97.47194948526447,LOSS,SL,80.0
CHFJPY,SELL,-96.49722999041182,LOSS,SL,55.0
CHFJPY,BUY,-95.5322576905077,LOSS,SL,85.0
CHFJPY,SELL,141.86540267040394,WIN,TP,85.0
CHFJPY,SELL,143.99338371046,WIN,TP,80.0
CHFJPY,SELL,-97.43552297741128,LOSS,SL,60.0
CHFJPY,SELL,-96.46116774763716,LOSS,SL,70.0
CHFJPY,BUY,5.177501654155208,WIN,SL,75.0
CHFJPY,BUY,-95.54833108670235,LOSS,SL,60.0
CHFJPY,BUY,141.8892716637496,WIN,TP,85.0
CHFJPY,SELL,4.369129617655501,WIN,SL,80.0
CHFJPY,BUY,-96.05543178864937,LOSS,SL,85.0
CHFJPY,SELL,142.64231620614083,WIN,TP,80.0
CHFJPY,BUY,144.7819509492364,WIN,TP,80.0
CHFJPY,BUY,146.95368021347798,WIN,TP,65.0
CHFJPY,SELL,2.3199477070143653,WIN,SL,85.0
CHFJPY,BUY,149.19278463228483,WIN,TP,55.0
CHFJPY,SELL,-100.95378426784441,LOSS,SL,100.0
CHFJPY,BUY,-99.94424642516597,LOSS,SL,85.0
CHFJPY,BUY,-98.94480396091431,LOSS,SL,85.0
CHFJPY,SELL,-97.95535592130517,LOSS,SL,60.0
CHFJPY,BUY,-96.97580236209211,LOSS,SL,100.0
CHFJPY,SELL,72.31295136231883,WIN,SL,80.0
CHFJPY,SELL,-96.72917385209436,LOSS,SL,85.0
CHFJPY,BUY,2.980259007804112,WIN,SL,85.0
CHFJPY,SELL,-95.79168470365148,LOSS,SL,85.0
CHFJPY,BUY,-94.83376785661494,LOSS,SL,80.0
CHFJPY,SELL,-93.8854301780488,LOSS,SL,65.0
CHFJPY,SELL,-92.94657587626831,LOSS,SL,85.0
CHFJPY,BUY,3.990799726369249,WIN,SL,50.0
CHFJPY,BUY,138.0855271721581,WIN,TP,85.0
CHFJPY,BUY,-93.43787338649088,LOSS,SL,85.0
CHFJPY,SELL,138.75524197893895,WIN,TP,100.0
CHFJPY,BUY,-93.89104707241538,LOSS,SL,85.0
CHFJPY,BUY,111.03721123534277,WIN,SL,70.0
CHFJPY,SELL,141.09376307106697,WIN,TP,75.0
CHFJPY,SELL,-95.47344634475532,LOSS,SL,75.0
CHFJPY,SELL,-94.51871188130778,LOSS,SL,85.0
CHFJPY,BUY,-93.57352476249469,LOSS,SL,80.0
CHFJPY,SELL,-92.63778951486975,LOSS,SL,75.0
CHFJPY,BUY,-91.71141161972106,LOSS,SL,75.0
CHFJPY,SELL,-90.79429750352385,LOSS,SL,80.0
CHFJPY,BUY,-89.88635452848861,LOSS,SL,55.0
CHFJPY,SELL,133.48123647480804,WIN,TP,80.0
CHFJPY,BUY,-90.3223033479518,LOSS,SL,85.0
CHFJPY,SELL,-89.4190803144723,LOSS,SL,55.0
CHFJPY,BUY,4.076071478907732,WIN,SL,85.0
CHFJPY,SELL,-88.56565022611666,LOSS,SL,95.0
CHFJPY,BUY,87.36917236539834,WIN,SL,75.0
CHFJPY,BUY,-88.55368544750947,LOSS,SL,75.0
CHFJPY,BUY,131.50222288955158,WIN,TP,85.0
CHFJPY,SELL,-88.98317082192989,LOSS,SL,80.0
CHFJPY,SELL,146.81825609261,WIN,SL,85.0
CHFJPY,SELL,-89.5615216746367,LOSS,SL,75.0
CHFJPY,SELL,-88.66590645789033,LOSS,SL,95.0
CHFJPY,SELL,-87.77924739331142,LOSS,SL,85.0
CHFJPY,BUY,130.35218237906886,WIN,TP,75.0
CHFJPY,BUY,-88.204976743169,LOSS,SL,60.0
CHFJPY,BUY,130.98439046360755,WIN,TP,85.0
CHFJPY,BUY,-88.63277088037337,LOSS,SL,85.0
CHFJPY,BUY,-87.74644317156965,LOSS,SL,85.0
CHFJPY,SELL,-86.86897873985396,LOSS,SL,85.0
CHFJPY,SELL,124.15158927738212,WIN,SL,55.0
CHFJPY,SELL,-87.24180484522924,LOSS,SL,85.0
CHFJPY,BUY,4.446273086238873,WIN,SL,75.0
CHFJPY,SELL,-86.41384952763934,LOSS,SL,80.0
CHFJPY,BUY,128.3245665485444,WIN,TP,85.0
CHFJPY,SELL,71.2335139975858,WIN,SL,85.0
CHFJPY,SELL,4.046960197927044,WIN,SL,90.0
CHFJPY,SELL,-87.58576143980352,LOSS,SL,85.0
CHFJPY,SELL,-86.70990382540549,LOSS,SL,80.0
CHFJPY,BUY,-85.84280478715144,LOSS,SL,85.0
CHFJPY,SELL,127.47656510891989,WIN,TP,65.0
AUDCAD,SELL,150.00000000000173,WIN,TP,85.0
AUDCAD,BUY,152.25000000000196,WIN,TP,85.0
AUDCAD,SELL,-103.02250000000004,LOSS,SL,85.0
AUDCAD,SELL,-101.99227500000005,LOSS,SL,75.0
AUDCAD,BUY,-100.97235225000006,LOSS,SL,90.0
AUDCAD,SELL,149.94394309125164,WIN,TP,75.0
AUDCAD,BUY,-101.46206815841255,LOSS,SL,85.0
AUDCAD,BUY,-100.44744747682842,LOSS,SL,85.0
AUDCAD,SELL,149.1644595030902,WIN,TP,55.0
AUDCAD,BUY,-100.93461759709103,LOSS,SL,80.0
AUDCAD,SELL,-99.92527142112013,LOSS,SL,75.0
AUDCAD,BUY,148.38902806036506,WIN,TP,90.0
AUDCAD,BUY,-100.40990898751258,LOSS,SL,85.0
AUDCAD,SELL,-99.40580989763745,LOSS,SL,45.0
AUDCAD,BUY,7.2724693810866015,WIN,SL,85.0
AUDCAD,BUY,-98.48447649247196,LOSS,SL,100.0
AUDCAD,BUY,6.078751097198697,WIN,SL,75.0
AUDCAD,BUY,146.34062885777882,WIN,TP,100.0
AUDCAD,BUY,-99.023825527097,LOSS,SL,100.0
AUDCAD,BUY,-98.03358727182602,LOSS,SL,85.0
AUDCAD,SELL,-97.05325139910776,LOSS,SL,60.0
AUDCAD,SELL,-96.08271888511669,LOSS,SL,85.0
AUDCAD,SELL,142.68283754439676,WIN,TP,70.0
AUDCAD,BUY,5.8954792982164355,WIN,SL,75.0
AUDCAD,BUY,144.91151229703587,WIN,TP,85.0
AUDCAD,BUY,-98.05678998766201,LOSS,SL,85.0
AUDCAD,BUY,6.157342414878197,WIN,SL,100.0
AUDCAD,BUY,-97.13779551193417,LOSS,SL,75.0
AUDCAD,SELL,144.24962633522384,WIN,TP,70.0
AUDCAD,BUY,146.41337073025153,WIN,TP,90.0
AUDCAD,BUY,-99.0730475274696,LOSS,SL,85.0
AUDCAD,BUY,-98.08231705219488,LOSS,SL,100.0
AUDCAD,BUY,-97.10149388167294,LOSS,SL,60.0
AUDCAD,BUY,-96.13047894285621,LOSS,SL,85.0
AUDCAD,SELL,142.75376123014144,WIN,TP,45.0
AUDCAD,BUY,-96.59671176572907,LOSS,SL,80.0
AUDCAD,SELL,-95.63074464807178,LOSS,SL,80.0
AUDCAD,BUY,142.01165580238802,WIN,TP,85.0
AUDCAD,BUY,6.947251726096126,WIN,SL,50.0
AUDCAD,BUY,-96.1640262768759,LOSS,SL,85.0
AUDCAD,SELL,-95.20238601410715,LOSS,SL,55.0
AUDCAD,BUY,6.743328200692479,WIN,SL,70.0
AUDCAD,BUY,5.74796835178344,WIN,SL,85.0
AUDCAD,BUY,-94.37527511949084,LOSS,SL,90.0
AUDNZD,BUY,-100.0,LOSS,SL,85.0
AUDNZD,BUY,-99.0,LOSS,SL,85.0
AUDNZD,BUY,-98.01,LOSS,SL,85.0
AUDNZD,BUY,-97.0299,LOSS,SL,75.0
AUDNZD,BUY,10.264021548302583,WIN,SL,100.0
AUDNZD,BUY,144.2433618232284,WIN,TP,70.0
AUDNZD,SELL,146.40701225057086,WIN,TP,70.0
AUDNZD,BUY,3.6360149103643673,WIN,SL,75.0
AUDNZD,SELL,-99.10510510532465,LOSS,SL,85.0
AUDNZD,BUY,-98.11405405427139,LOSS,SL,70.0
AUDNZD,SELL,145.69937027059055,WIN,TP,85.0
AUDNZD,BUY,-98.5899072164346,LOSS,SL,100.0
AUDNZD,BUY,-97.60400814427027,LOSS,SL,85.0
NZDJPY,SELL,-100.0,LOSS,SL,55.0
NZDJPY,BUY,-99.0,LOSS,SL,85.0
NZDJPY,SELL,147.01500000000308,WIN,TP,85.0
NZDJPY,SELL,149.22022500000008,WIN,TP,65.0
NZDJPY,BUY,151.45852837500317,WIN,TP,90.0
NZDJPY,BUY,153.73040630062823,WIN,TP,70.0
NZDJPY,SELL,-104.02424159675637,LOSS,SL,80.0
NZDJPY,SELL,-102.9839991807888,LOSS,SL,80.0
NZDJPY,SELL,152.9312387834745,WIN,TP,80.0
NZDJPY,BUY,-103.48347157681565,LOSS,SL,85.0
NZDJPY,BUY,-102.44863686104749,LOSS,SL,100.0
NZDJPY,BUY,-101.42415049243702,LOSS,SL,85.0
NZDJPY,SELL,-100.40990898751265,LOSS,SL,75.0
NZDJPY,BUY,-99.40580989763752,LOSS,SL,85.0
NZDJPY,SELL,114.77998240729866,WIN,SL,65.0
NZDJPY,BUY,-99.55955162273413,LOSS,SL,85.0
NZDJPY,BUY,112.94965924057658,WIN,SL,85.0
NZDJPY,SELL,71.28012616379317,WIN,SL,85.0
NZDJPY,BUY,7.449305462770279,WIN,SL,70.0
NZDJPY,SELL,-100.48074701517817,LOSS,SL,75.0
NZDJPY,BUY,149.213909317537,WIN,TP,75.0
NZDJPY,SELL,-100.96807863820175,LOSS,SL,80.0
NZDJPY,BUY,-99.95839785181973,LOSS,SL,55.0
NZDJPY,SELL,-98.95881387330154,LOSS,SL,65.0
NZDJPY,BUY,-97.96922573456852,LOSS,SL,70.0
NZDJPY,SELL,145.48430021583638,WIN,TP,80.0
NZDJPY,SELL,147.66656471907453,WIN,TP,85.0
NZDJPY,BUY,-99.92104212657193,LOSS,SL,85.0
NZDJPY,SELL,6.831403748486668,WIN,SL,65.0
NZDJPY,SELL,-98.99014574279109,LOSS,SL,75.0
NZDJPY,BUY,-98.00024428536317,LOSS,SL,65.0
NZDJPY,SELL,-97.02024184250955,LOSS,SL,85.0
NZDJPY,BUY,116.79569687348818,WIN,SL,60.0
NZDJPY,BUY,145.826994589229,WIN,TP,85.0
NZDJPY,BUY,148.01439950806744,WIN,TP,70.0
NZDJPY,SELL,-100.15641033379231,LOSS,SL,80.0
NZDJPY,BUY,-99.15484623045438,LOSS,SL,50.0
NZDJPY,SELL,6.033550273687988,WIN,SL,80.0
NZDJPY,BUY,147.33544990633166,WIN,TP,75.0
NZDJPY,BUY,149.54548165492508,WIN,TP,85.0
NZDJPY,SELL,-101.1924425864993,LOSS,SL,75.0
NZDJPY,BUY,-100.18051816063429,LOSS,SL,85.0
NZDJPY,SELL,-99.17871297902795,LOSS,SL,85.0
NZDJPY,SELL,8.327269276536931,WIN,SL,85.0
NZDJPY,SELL,147.40529781300458,WIN,TP,75.0
NZDJPY,SELL,149.61637728020182,WIN,TP,65.0
NZDJPY,BUY,151.86062293940063,WIN,TP,50.0
NZDJPY,BUY,74.2958574618998,WIN,SL,70.0
NZDJPY,SELL,-103.5019800969481,LOSS,SL,85.0
NZDJPY,BUY,153.7004404439662,WIN,TP,85.0
NZDJPY,SELL,156.00594705062952,WIN,TP,85.0
NZDJPY,BUY,6.865946220911924,WIN,SL,85.0
NZDJPY,SELL,158.44902544969764,WIN,TP,85.0
NZDJPY,SELL,-107.2171738876307,LOSS,SL,85.0
NZDJPY,SELL,-106.14500214875439,LOSS,SL,70.0
NZDJPY,SELL,157.62532819090384,WIN,TP,85.0
NZDJPY,BUY,-106.65980540917586,LOSS,SL,85.0
NZDJPY,BUY,-105.5932073550841,LOSS,SL,60.0
NZDJPY,SELL,-104.53727528153325,LOSS,SL,65.0
NZDJPY,BUY,-103.49190252871793,LOSS,SL,60.0
NZDJPY,SELL,-102.45698350343075,LOSS,SL,65.0
NZDJPY,SELL,-101.43241366839644,LOSS,SL,60.0
NZDJPY,SELL,9.311825881334126,WIN,SL,95.0
NZDJPY,BUY,-100.5112077905258,LOSS,SL,85.0
NZDJPY,SELL,104.44768812630018,WIN,SL,65.0
NZDJPY,BUY,-100.55057259388356,LOSS,SL,75.0
NZDJPY,SELL,-99.54506686794471,LOSS,SL,85.0
NZDJPY,BUY,4.317285717978661,WIN,SL,75.0
NZDJPY,SELL,147.8891835846651,WIN,TP,85.0
NZDJPY,SELL,90.67030387388382,WIN,SL,80.0
NZDJPY,BUY,-100.97838393103054,LOSS,SL,85.0
NZDJPY,SELL,7.524484953221972,WIN,SL,45.0
NZDJPY,SELL,150.06576741187868,WIN,TP,75.0
NZDJPY,SELL,-101.54450261537124,LOSS,SL,85.0
NZDJPY,BUY,5.347794164025295,WIN,SL,85.0
NZDJPY,BUY,150.8738032962838,WIN,TP,85.0
NZDJPY,SELL,-102.09127356382062,LOSS,SL,85.0
NZDJPY,BUY,151.60554124227068,WIN,TP,80.0
NZDJPY,SELL,-102.5864162406051,LOSS,SL,85.0
NZDJPY,BUY,-101.56055207819905,LOSS,SL,85.0
NZDJPY,BUY,-100.54494655741706,LOSS,SL,65.0
NZDJPY,SELL,110.37163108862893,WIN,SL,75.0
NZDJPY,SELL,9.254553923925162,WIN,SL,80.0
NZDJPY,BUY,128.8035247579325,WIN,SL,75.0
NZDJPY,SELL,-102.02379418954776,LOSS,SL,85.0
NZDJPY,BUY,151.50533437147843,WIN,TP,85.0
NZDJPY,SELL,7.528316605699015,WIN,SL,55.0
NZDJPY,BUY,153.89083913613854,WIN,TP,80.0
NZDJPY,SELL,-104.13280114878545,LOSS,SL,55.0
NZDJPY,SELL,-103.09147313729758,LOSS,SL,85.0
NZDJPY,BUY,6.910186263132805,WIN,SL,85.0
NZDJPY,SELL,103.99801401280664,WIN,SL,85.0
NZDJPY,SELL,154.75446061302597,WIN,TP,65.0
NZDJPY,SELL,-104.71718501481426,LOSS,SL,70.0
NZDJPY,SELL,-103.67001316466613,LOSS,SL,65.0
NZDJPY,BUY,7.7847096479432745,WIN,SL,75.0
NZDJPY,SELL,-102.7111601294989,LOSS,SL,85.0
NZDJPY,BUY,-101.68404852820392,LOSS,SL,75.0
NZDJPY,BUY,-100.66720804292187,LOSS,SL,85.0
NZDJPY,SELL,149.49080394373638,WIN,TP,85.0
NZDJPY,BUY,151.73316600289752,WIN,TP,85.0
NZDJPY,SELL,-102.672775661959,LOSS,SL,80.0
NZDJPY,SELL,-101.6460479053394,LOSS,SL,85.0
NZDJPY,BUY,-100.62958742628602,LOSS,SL,75.0
NZDJPY,SELL,-99.62329155202315,LOSS,SL,70.0
NZDJPY,BUY,5.762262910763728,WIN,SL,85.0
NZDJPY,SELL,-98.68468126561056,LOSS,SL,60.0
NZDJPY,SELL,146.5467516794328,WIN,TP,85.0
NZDJPY,SELL,-99.16330196974877,LOSS,SL,65.0
NZDJPY,SELL,-98.17166895005128,LOSS,SL,65.0
NZDJPY,BUY,145.78492839082506,WIN,TP,50.0
NZDJPY,BUY,-98.64780154445901,LOSS,SL,95.0
NZDJPY,BUY,146.49198529352162,WIN,TP,70.0
NZDJPY,SELL,-99.12624338194965,LOSS,SL,85.0
NZDJPY,BUY,7.186566781786263,WIN,SL,75.0
NZDJPY,SELL,-98.206846615948,LOSS,SL,75.0
NZDJPY,BUY,-97.22477814978853,LOSS,SL,85.0
NZDJPY,SELL,-96.25253036829065,LOSS,SL,55.0
NZDJPY,SELL,142.9350075969146,WIN,TP,100.0
NZDJPY,BUY,145.0790327108676,WIN,TP,100.0
NZDJPY,SELL,147.2552182015254,WIN,TP,85.0
NZDJPY,SELL,-99.64269764970082,LOSS,SL,85.0
NZDJPY,BUY,9.206985262830786,WIN,SL,85.0
NZDJPY,BUY,148.10751078874554,WIN,TP,75.0
NZDJPY,SELL,-100.21941563371958,LOSS,SL,75.0
NZDJPY,BUY,148.8258322160736,WIN,TP,75.0
NZDJPY,SELL,-100.70547979954313,LOSS,SL,75.0
NZDJPY,BUY,122.44180015950823,WIN,SL,85.0
NZDJPY,SELL,271.21471057069925,WIN,SL,55.0
NZDJPY,BUY,-103.63499010884976,LOSS,SL,85.0
NZDJPY,BUY,153.8979603116419,WIN,TP,85.0
NZDJPY,BUY,-104.13761981087768,LOSS,SL,80.0
NZDJPY,SELL,-103.0962436127689,LOSS,SL,80.0
NZDJPY,SELL,153.09792176495745,WIN,TP,85.0
NZDJPY,SELL,-103.59626039429081,LOSS,SL,70.0
NZDJPY,SELL,153.84044668551823,WIN,TP,85.0
NZDJPY,BUY,11.17425603546942,WIN,SL,80.0
NZDJPY,BUY,-104.21044481755777,LOSS,SL,90.0
NZDJPY,SELL,-103.16834036938221,LOSS,SL,85.0
NZDJPY,BUY,-102.13665696568836,LOSS,SL,85.0
NZDJPY,SELL,151.67293559405238,WIN,TP,55.0
NZDJPY,SELL,-102.63201975197202,LOSS,SL,80.0
NZDJPY,BUY,152.40854933168302,WIN,TP,65.0
NZDJPY,SELL,-103.12978504776912,LOSS,SL,85.0
NZDJPY,BUY,6.2527735351455345,WIN,SL,55.0
NZDJPY,SELL,153.24152239896694,WIN,TP,85.0
NZDJPY,BUY,-103.69343015663253,LOSS,SL,75.0
NZDJPY,SELL,153.98474378260258,WIN,TP,65.0
NZDJPY,BUY,-104.19634329289224,LOSS,SL,85.0
NZDJPY,BUY,8.792448755517265,WIN,SL,65.0
NZDJPY,SELL,95.72741446858237,WIN,SL,85.0
NZDJPY,BUY,-104.19957849220431,LOSS,SL,80.0
NZDJPY,SELL,-103.15758270728227,LOSS,SL,75.0
NZDJPY,BUY,-102.12600688020943,LOSS,SL,65.0
NZDJPY,BUY,-101.10474681140735,LOSS,SL,65.0
NZDJPY,SELL,-100.09369934329328,LOSS,SL,75.0
NZDJPY,BUY,-99.09276234986035,LOSS,SL,75.0
NZDJPY,SELL,-98.10183472636174,LOSS,SL,70.0
NZDJPY,BUY,-97.12081637909812,LOSS,SL,80.0
NZDJPY,SELL,-96.14960821530714,LOSS,SL,85.0
